shipment_id,date,origin,destination,distance_km,duration_minutes,delivery_status
0,2025-06-06,23,289,147.69,524,Pending
1,2025-03-29,16,160,407.5,385,Pending
2,2025-01-23,620,97,389.17,184,Delayed
3,2025-03-17,698,425,217.07,455,Delayed
4,2025-03-28,3,370,458.03,374,Delayed
5,2025-09-27,783,754,410.06,580,Delayed
6,2025-12-04,893,451,161.6,559,Delayed
7,2025-09-10,382,515,176.43,539,Pending
8,2025-06-12,515,662,122.49,393,Delayed
9,2025-10-20,97,720,481.74,194,Delayed
10,2025-03-23,952,379,104.4,141,Delayed
11,2025-05-21,759,133,173.88,64,Delivered
12,2025-04-04,630,349,250.59,365,Pending
13,2025-09-01,366,856,209.85,470,Pending
14,2025-11-12,494,682,188.87,527,Delayed
15,2025-04-12,820,615,498.64,442,Delayed
16,2025-02-14,289,399,137.1,446,Pending
17,2025-07-04,321,812,270.02,513,Delivered
18,2025-11-27,907,909,121.58,432,Delayed
19,2025-11-27,125,946,288.22,474,Delivered
20,2025-11-14,648,766,142.81,556,Delivered
21,2025-08-27,803,872,75.19,501,Delayed
22,2025-10-22,110,454,482.23,377,Pending
23,2025-07-03,683,456,231.38,71,Delivered
24,2025-06-20,689,782,152.69,413,Pending
25,2025-06-13,135,943,226.46,396,Pending
26,2025-10-12,384,325,331.97,383,Pending
27,2025-02-14,429,553,453.27,595,Pending
28,2025-08-13,749,731,436.93,579,Delivered
29,2025-09-10,263,46,450.39,433,Pending
30,2025-10-23,743,825,93.89,97,Delayed
31,2025-08-05,262,276,61.3,105,Delayed
32,2025-07-19,30,32,114.58,62,Delivered
33,2025-01-14,17,199,138.88,358,Delayed
34,2025-01-24,624,417,207.58,102,Delayed
35,2025-09-19,764,824,302.78,150,Delivered
36,2025-11-17,572,149,95.67,433,Pending
37,2025-01-13,215,551,154.24,552,Delayed
38,2025-05-27,482,823,425.63,157,Delayed
39,2025-09-26,521,43,326.14,415,Delayed
40,2025-10-28,99,521,401.05,559,Delayed
41,2025-09-14,881,268,177.26,238,Delayed
42,2025-04-07,299,30,402.26,143,Delayed
43,2025-01-10,994,246,329.98,79,Delivered
44,2025-09-23,77,918,451.66,443,Delivered
45,2025-09-03,72,752,278.19,237,Delivered
46,2025-06-28,505,303,138.62,464,Pending
47,2025-09-10,535,351,470.22,447,Delivered
48,2025-11-15,575,586,53.22,543,Delayed
49,2025-11-16,372,928,148.46,439,Delayed
50,2025-05-10,108,741,406.89,370,Delivered
51,2025-12-28,672,149,420.11,485,Delivered
52,2025-05-28,69,549,274.95,548,Delivered
53,2025-08-27,345,222,348.1,584,Delivered
54,2025-08-18,834,565,411.56,183,Delayed
55,2025-02-03,630,463,324.81,472,Delayed
56,2025-02-10,527,552,100.71,564,Pending
57,2025-06-11,94,192,335.7,489,Delivered
58,2025-06-29,434,945,252.01,301,Pending
59,2025-09-26,461,615,367.03,449,Delivered
60,2025-01-16,994,436,466.23,546,Pending
61,2025-12-04,582,838,320.43,381,Pending
62,2025-01-31,360,339,146.3,87,Delayed
63,2025-01-05,650,754,134.34,131,Delayed
64,2025-06-24,457,647,485.24,488,Delivered
65,2025-09-06,595,191,298.32,363,Pending
66,2025-09-01,795,629,281.73,450,Pending
67,2025-02-17,322,819,271.54,174,Delayed
68,2025-10-02,462,773,126.11,62,Delivered
69,2025-06-04,3,920,272.62,372,Delivered
70,2025-08-26,555,305,346.64,307,Pending
71,2025-12-30,242,156,450.98,349,Delivered
72,2025-02-16,137,673,104.8,328,Pending
73,2025-11-16,714,95,116.84,503,Delayed
74,2025-10-13,849,119,80.53,194,Pending
75,2025-01-22,694,318,362.82,507,Pending
76,2025-03-24,746,67,282.02,412,Delayed
77,2025-10-17,372,732,279.18,598,Delayed
78,2025-04-21,74,277,132.18,432,Delivered
79,2025-11-01,990,487,401.73,577,Delivered
80,2025-06-17,407,92,130.63,264,Pending
81,2025-09-23,444,686,376.33,152,Delivered
82,2025-07-28,276,444,388.96,205,Delivered
83,2025-08-01,851,807,358.97,508,Delivered
84,2025-10-26,478,4,337.71,545,Delivered
85,2025-10-20,587,881,112.08,527,Delayed
86,2025-04-13,146,184,135.51,372,Delayed
87,2025-11-27,842,471,414.48,391,Delivered
88,2025-11-30,665,489,327.44,126,Delivered
89,2025-07-21,656,932,146.98,413,Delivered
90,2025-08-31,809,386,61.24,101,Delayed
91,2025-06-19,694,167,144.13,85,Pending
92,2025-12-23,973,24,494.23,375,Delivered
93,2025-07-01,662,857,351.58,75,Delivered
94,2025-07-25,63,256,233.17,183,Delivered
95,2025-10-28,618,437,404.02,324,Pending
96,2025-07-18,306,444,273.4,437,Delivered
97,2025-07-22,448,584,144.62,538,Delayed
98,2025-04-21,887,896,342.51,425,Delivered
99,2025-09-02,514,111,369.18,368,Delayed
100,2025-05-20,213,662,123.81,212,Pending
101,2025-09-30,768,86,210.08,210,Delayed
102,2025-11-14,859,183,344.05,569,Delivered
103,2025-06-30,924,177,303.77,560,Delayed
104,2025-04-16,889,611,438.66,67,Delivered
105,2025-02-22,374,344,367.82,411,Delayed
106,2025-05-13,583,995,210.08,353,Pending
107,2025-11-19,65,900,211.97,600,Delayed
108,2025-11-08,949,374,125.9,209,Pending
109,2025-07-29,922,218,479.85,202,Pending
110,2025-04-16,711,662,459.57,449,Delayed
111,2025-05-27,84,801,302.15,344,Pending
112,2025-12-03,816,701,203.47,528,Pending
113,2025-01-27,426,330,308.41,449,Pending
114,2025-11-30,166,622,262.44,269,Delivered
115,2025-03-12,639,201,127.56,261,Delayed
116,2025-04-11,751,637,82.64,129,Delayed
117,2025-08-15,751,491,154.02,455,Pending
118,2025-12-28,418,578,341.98,563,Delayed
119,2025-05-16,512,595,295.51,362,Pending
120,2025-04-18,712,410,283.75,308,Pending
121,2025-09-05,118,17,270.52,169,Delivered
122,2025-12-29,353,931,402.9,265,Delayed
123,2025-04-09,762,461,129.1,93,Pending
124,2025-02-08,432,188,375.81,332,Delayed
125,2025-03-17,577,172,214.68,542,Delayed
126,2025-11-01,434,502,182.56,83,Delivered
127,2025-01-17,639,909,416.64,556,Delayed
128,2025-08-28,61,322,273.62,576,Delivered
129,2025-05-10,78,196,446.29,457,Delivered
130,2025-05-31,27,275,189.93,273,Delivered
131,2025-05-05,300,963,92.13,566,Pending
132,2025-06-03,660,171,310.57,209,Delayed
133,2025-09-25,463,304,225.03,120,Delayed
134,2025-01-05,299,346,156.25,308,Pending
135,2025-05-08,261,178,57.77,233,Delayed
136,2025-11-28,744,706,417.27,488,Delivered
137,2025-12-24,450,774,315.33,312,Delivered
138,2025-03-07,982,119,147.03,334,Delivered
139,2025-04-22,392,891,112.28,407,Pending
140,2025-11-18,959,945,377.33,250,Delivered
141,2025-06-13,834,233,491.95,246,Pending
142,2025-04-23,429,375,473.6,100,Delayed
143,2025-06-15,883,99,492.44,477,Delivered
144,2025-01-23,67,351,84.55,531,Delivered
145,2025-02-02,477,426,324.9,589,Delayed
146,2025-05-24,821,489,171.75,208,Delivered
147,2025-09-16,975,431,245.58,91,Delayed
148,2025-12-16,453,471,436.7,489,Pending
149,2025-12-28,200,702,286.55,64,Pending
150,2025-11-19,566,259,376.6,300,Delayed
151,2025-05-13,348,772,303.07,345,Delayed
152,2025-01-11,133,791,182.92,253,Delayed
153,2025-10-24,499,36,385.83,589,Pending
154,2025-08-13,898,19,287.9,326,Pending
155,2025-04-05,839,246,272.35,134,Delayed
156,2025-07-17,806,929,69.32,487,Pending
157,2025-02-22,462,339,149.31,504,Delivered
158,2025-02-13,353,898,408.6,589,Delivered
159,2025-03-14,994,853,77.54,200,Delayed
160,2025-06-02,84,925,192.65,432,Delayed
161,2025-02-20,24,422,249.82,310,Pending
162,2025-04-18,436,123,499.73,108,Pending
163,2025-10-27,549,936,117.19,552,Delayed
164,2025-02-21,834,418,436.54,495,Delivered
165,2025-02-11,148,537,391.99,378,Pending
166,2025-03-31,301,86,203.68,563,Delayed
167,2025-04-29,315,997,325.14,421,Delivered
168,2025-08-05,462,198,295.15,176,Pending
169,2025-11-18,103,687,479.85,166,Delayed
170,2025-12-20,975,117,359.71,128,Delayed
171,2025-11-13,230,10,317.67,63,Delivered
172,2025-09-14,399,955,62.89,280,Pending
173,2025-07-09,733,21,196.78,504,Pending
174,2025-08-23,551,114,279.27,327,Delivered
175,2025-06-19,698,557,380.29,424,Delayed
176,2025-12-18,3,165,345.19,297,Pending
177,2025-04-29,35,771,474.68,334,Delivered
178,2025-11-04,677,73,118.04,467,Delayed
179,2025-07-15,83,55,408.79,342,Delayed
180,2025-12-31,582,552,203.67,270,Delayed
181,2025-08-13,660,963,457.45,100,Pending
182,2025-04-27,543,297,104.95,180,Delivered
183,2025-10-21,496,921,424.78,190,Pending
184,2025-05-07,96,625,464.32,297,Delivered
185,2025-03-27,102,486,82.78,354,Delivered
186,2025-06-07,283,541,208.46,394,Pending
187,2025-06-16,400,4,474.09,419,Pending
188,2025-09-25,631,333,485.47,440,Delayed
189,2025-01-01,496,419,460.92,231,Delivered
190,2025-12-23,201,819,371.66,251,Delayed
191,2025-09-11,100,751,470.32,176,Delayed
192,2025-10-30,660,296,296.43,258,Delayed
193,2025-10-24,78,60,123.15,419,Delivered
194,2025-11-28,862,500,114.51,299,Delayed
195,2025-11-20,463,635,309.66,258,Delayed
196,2025-01-03,173,139,254.12,269,Pending
197,2025-07-08,567,553,418.81,522,Delivered
198,2025-07-28,807,319,396.01,203,Pending
199,2025-05-31,969,403,491.61,592,Delivered
200,2025-10-19,543,175,424.96,318,Pending
201,2025-01-27,910,371,158.9,360,Delivered
202,2025-06-13,819,317,258.84,329,Pending
203,2025-11-23,636,864,228.43,421,Delayed
204,2025-03-11,908,266,218.27,306,Delayed
205,2025-06-04,823,571,233.32,88,Delayed
206,2025-12-05,221,75,172.06,378,Delivered
207,2025-10-18,516,36,116.51,303,Delayed
208,2025-03-26,587,62,440.95,562,Delivered
209,2025-06-03,798,406,289.02,452,Delayed
210,2025-11-26,360,848,477.06,338,Delivered
211,2025-08-01,730,755,144.22,85,Delayed
212,2025-11-28,544,507,180.93,321,Pending
213,2025-02-05,776,329,170.28,143,Pending
214,2025-04-09,371,51,182.79,438,Delivered
215,2025-10-01,253,794,337.36,114,Delayed
216,2025-10-09,899,475,259.16,596,Pending
217,2025-06-29,731,203,121.96,81,Pending
218,2025-08-04,237,641,140.52,591,Delivered
219,2025-06-14,707,614,251.15,426,Pending
220,2025-12-16,698,310,327.06,324,Delivered
221,2025-06-18,137,285,152.51,542,Pending
222,2025-07-07,773,397,130.3,67,Delivered
223,2025-01-01,36,87,156.46,471,Pending
224,2025-08-22,293,770,175.92,143,Pending
225,2025-05-31,749,767,123.67,152,Pending
226,2025-07-23,476,897,364.56,252,Delayed
227,2025-12-20,647,549,57.51,130,Pending
228,2025-01-13,98,350,498.91,305,Pending
229,2025-05-29,340,149,222.18,371,Delivered
230,2025-12-13,594,870,99.01,355,Delayed
231,2025-04-25,545,83,85.42,120,Delayed
232,2025-03-15,261,126,420.19,477,Delayed
233,2025-05-07,637,992,372.3,464,Pending
234,2025-07-25,486,797,104.1,445,Delivered
235,2025-10-05,749,937,125.92,269,Delivered
236,2025-05-29,282,353,476.15,80,Delivered
237,2025-11-18,52,593,433.15,349,Delayed
238,2025-10-26,803,603,69.74,381,Pending
239,2025-10-18,326,55,369.41,356,Delivered
240,2025-10-21,542,148,140.51,255,Delayed
241,2025-10-27,929,674,98.99,482,Pending
242,2025-04-04,873,946,275.92,272,Delivered
243,2025-06-14,795,140,391.37,187,Delayed
244,2025-12-08,386,509,145.69,566,Delayed
245,2025-04-06,124,994,407.56,349,Pending
246,2025-10-16,835,812,100.46,81,Delayed
247,2025-02-19,192,521,451.35,483,Pending
248,2025-02-05,901,707,199.82,91,Pending
249,2025-05-16,212,377,433.91,235,Delivered
250,2025-07-13,8,348,281.3,531,Delivered
251,2025-02-06,815,791,144.84,442,Pending
252,2025-09-05,358,745,186.26,542,Delivered
253,2025-11-17,127,396,292.34,593,Pending
254,2025-12-24,469,689,452.6,454,Pending
255,2025-04-28,375,392,205.18,137,Delivered
256,2025-10-25,533,338,179.32,579,Delivered
257,2025-05-02,490,742,341.5,132,Delayed
258,2025-02-07,589,81,300.82,290,Pending
259,2025-12-10,518,365,185.44,572,Delivered
260,2025-11-13,908,707,63.47,546,Pending
261,2025-11-30,495,948,210.46,502,Delayed
262,2025-01-24,525,424,419.6,498,Delayed
263,2025-06-26,184,638,446.21,334,Pending
264,2025-12-20,827,781,393.81,367,Delayed
265,2025-08-05,766,208,437.41,231,Delivered
266,2025-03-24,6,851,256.62,414,Pending
267,2025-01-10,53,835,265.45,200,Pending
268,2025-05-02,161,599,312.18,291,Delivered
269,2025-03-09,88,845,425.1,427,Delivered
270,2025-05-07,460,874,183.77,206,Delayed
271,2025-09-27,237,755,335.79,214,Delivered
272,2025-02-19,445,575,356.65,80,Pending
273,2025-01-27,70,225,423.48,106,Delayed
274,2025-09-01,551,61,75.38,475,Delivered
275,2025-04-23,554,455,339.76,206,Delivered
276,2025-09-20,82,611,381.19,519,Pending
277,2025-01-29,606,601,453.48,519,Delivered
278,2025-06-16,393,273,58.77,253,Delivered
279,2025-03-08,482,786,151.11,539,Pending
280,2025-11-15,890,816,367.84,263,Delivered
281,2025-02-25,9,766,136.03,557,Delayed
282,2025-07-30,895,277,233.54,310,Delayed
283,2025-08-09,694,881,244.82,183,Pending
284,2025-04-21,44,453,223.24,338,Delivered
285,2025-12-25,46,354,430.69,68,Pending
286,2025-11-09,152,608,237.17,448,Delayed
287,2025-12-04,670,338,347.71,512,Pending
288,2025-11-29,762,635,405.76,225,Pending
289,2025-07-12,191,950,64.39,213,Delivered
290,2025-11-29,685,573,359.86,110,Delayed
291,2025-03-18,424,944,303.02,597,Delayed
292,2025-09-19,378,78,371.66,202,Delayed
293,2025-06-07,254,199,228.26,569,Delivered
294,2025-01-09,571,235,380.14,105,Delivered
295,2025-10-11,472,943,118.39,524,Delivered
296,2025-07-19,917,575,74.7,523,Pending
297,2025-10-20,127,567,202.09,93,Delayed
298,2025-08-10,434,313,395.39,199,Delayed
299,2025-11-23,271,690,445.04,354,Pending
300,2025-07-03,492,900,278.96,409,Pending
301,2025-06-27,987,548,204.58,361,Delivered
302,2025-01-02,180,447,169.63,600,Delayed
303,2025-01-20,13,898,105.33,183,Delayed
304,2025-03-12,731,684,299.47,408,Delayed
305,2025-06-06,735,746,457.62,503,Pending
306,2025-08-13,53,378,83.5,522,Delivered
307,2025-08-28,260,343,115.74,350,Delayed
308,2025-02-27,457,926,440.01,214,Delayed
309,2025-05-17,20,974,408.2,356,Pending
310,2025-03-13,781,244,444.59,394,Delayed
311,2025-01-25,853,216,461.48,63,Delivered
312,2025-11-04,419,269,201.33,381,Pending
313,2025-12-23,401,410,185.17,246,Delivered
314,2025-03-18,283,739,199.98,474,Pending
315,2025-12-22,956,498,280.45,524,Delivered
316,2025-02-28,310,90,428.7,87,Pending
317,2025-03-15,578,753,389.75,114,Delayed
318,2025-04-12,814,395,260.86,555,Delayed
319,2025-06-01,486,147,426.55,554,Delayed
320,2025-03-05,80,613,187.25,195,Delayed
321,2025-09-16,394,578,100.84,80,Pending
322,2025-03-06,284,245,195.91,315,Pending
323,2025-07-25,193,652,481.05,433,Delayed
324,2025-11-18,99,364,303.01,132,Pending
325,2025-04-28,173,450,403.17,354,Delayed
326,2025-10-08,287,706,381.46,245,Delivered
327,2025-03-20,581,962,314.82,262,Pending
328,2025-09-15,566,603,385.3,463,Delivered
329,2025-11-08,372,765,227.47,553,Pending
330,2025-07-25,649,668,277.37,137,Delivered
331,2025-09-30,31,785,155.78,517,Delivered
332,2025-08-29,196,354,419.23,236,Delayed
333,2025-08-12,886,100,325.4,402,Pending
334,2025-08-22,650,108,465.39,425,Delayed
335,2025-04-04,472,667,228.58,399,Pending
336,2025-07-10,342,39,161.44,549,Delivered
337,2025-05-24,443,139,479.24,279,Pending
338,2025-04-04,25,531,55.64,573,Delayed
339,2025-11-28,114,997,242.42,563,Delayed
340,2025-08-06,918,775,334.38,576,Pending
341,2025-04-28,875,427,382.37,77,Pending
342,2025-08-12,526,147,330.25,272,Delivered
343,2025-04-02,27,928,435.25,543,Pending
344,2025-11-22,101,140,135.22,245,Delivered
345,2025-09-06,484,95,139.68,350,Delayed
346,2025-06-20,798,937,295.82,345,Delayed
347,2025-06-28,128,92,171.15,152,Delayed
348,2025-12-22,316,413,475.28,598,Pending
349,2025-05-02,359,927,326.82,271,Delivered
350,2025-05-29,683,597,265.69,306,Pending
351,2025-03-28,462,430,85.14,580,Pending
352,2025-05-21,851,573,59.09,132,Delayed
353,2025-07-27,981,536,154.07,208,Delayed
354,2025-01-02,292,765,315.98,461,Delivered
355,2025-01-12,732,25,133.89,510,Delayed
356,2025-09-22,651,257,126.15,434,Delivered
357,2025-01-11,199,872,160.51,423,Delayed
358,2025-07-27,289,562,144.62,164,Pending
359,2025-01-25,862,994,246.51,561,Delayed
360,2025-03-17,183,96,341.82,144,Pending
361,2025-03-03,518,105,458.6,557,Delayed
362,2025-05-29,629,63,432.43,112,Delivered
363,2025-02-13,640,222,308.86,210,Delayed
364,2025-08-31,720,295,98.07,337,Delayed
365,2025-12-07,675,279,214.02,166,Delivered
366,2025-03-18,787,164,318.77,157,Delivered
367,2025-06-03,280,140,342.54,93,Delivered
368,2025-08-08,817,894,291.39,125,Delivered
369,2025-06-18,492,921,290.58,591,Delivered
370,2025-03-07,632,491,355.57,302,Pending
371,2025-02-24,337,666,304.59,329,Delivered
372,2025-10-21,629,294,109.92,333,Pending
373,2025-01-28,816,899,435.77,316,Delivered
374,2025-05-28,369,508,489.17,584,Pending
375,2025-10-31,745,294,159.4,114,Pending
376,2025-12-13,202,506,433.09,307,Delayed
377,2025-06-16,711,630,144.19,313,Pending
378,2025-09-08,259,273,488.82,204,Delivered
379,2025-11-15,323,265,277.56,134,Delayed
380,2025-06-09,127,604,464.76,368,Pending
381,2025-01-02,498,926,370.57,536,Delivered
382,2025-11-17,158,983,419.1,145,Delayed
383,2025-06-04,525,9,86.49,550,Delayed
384,2025-04-25,578,85,342.19,235,Pending
385,2025-10-02,703,449,481.54,213,Delivered
386,2025-09-05,134,948,378.5,470,Delivered
387,2025-05-27,731,317,380.19,191,Pending
388,2025-06-17,484,903,372.51,385,Pending
389,2025-05-10,471,556,319.93,91,Delayed
390,2025-03-05,112,642,163.52,333,Delayed
391,2025-09-07,453,871,263.98,124,Delivered
392,2025-07-15,948,45,168.97,333,Delayed
393,2025-06-03,272,81,55.95,107,Delivered
394,2025-09-02,505,554,475.51,543,Delayed
395,2025-05-26,696,38,120.13,325,Pending
396,2025-12-30,833,160,429.43,190,Delayed
397,2025-06-21,372,411,51.63,114,Delivered
398,2025-05-01,589,267,428.01,433,Pending
399,2025-02-20,131,322,479.34,168,Delivered
400,2025-06-21,213,816,133.92,326,Delayed
401,2025-02-01,886,669,494.43,596,Delayed
402,2025-06-26,74,617,442.36,540,Pending
403,2025-09-24,346,746,285.98,556,Delivered
404,2025-01-14,115,295,390.94,446,Delivered
405,2025-07-24,463,568,479.77,322,Delayed
406,2025-05-18,153,273,467.97,453,Delayed
407,2025-08-24,466,732,408.77,283,Delivered
408,2025-02-21,972,74,383.18,204,Delivered
409,2025-08-28,11,575,353.23,580,Delivered
410,2025-01-22,125,289,290.97,511,Delivered
411,2025-01-07,42,677,419.88,393,Delayed
412,2025-02-05,528,100,299.8,295,Delivered
413,2025-01-11,966,67,112.24,108,Pending
414,2025-05-06,500,992,177.27,391,Delayed
415,2025-01-17,586,139,100.74,419,Delayed
416,2025-12-18,711,338,321.46,365,Delayed
417,2025-02-04,668,943,216.23,533,Delivered
418,2025-06-16,751,577,231.3,569,Pending
419,2025-10-02,526,644,158.12,462,Delayed
420,2025-09-05,662,621,319.41,527,Pending
421,2025-01-04,230,208,488.76,343,Delivered
422,2025-07-26,49,570,114.16,376,Delivered
423,2025-02-01,706,197,494.66,436,Delivered
424,2025-07-04,13,654,220.43,546,Pending
425,2025-12-20,698,656,326.01,510,Pending
426,2025-11-06,998,248,142.73,368,Delivered
427,2025-02-23,460,165,129.83,551,Pending
428,2025-09-11,287,678,205.16,291,Pending
429,2025-08-16,696,898,403.0,356,Pending
430,2025-01-01,103,551,334.7,377,Pending
431,2025-06-26,169,434,138.01,421,Delayed
432,2025-09-24,72,805,357.26,213,Delivered
433,2025-07-04,668,341,114.81,574,Pending
434,2025-10-14,975,656,482.95,79,Pending
435,2025-08-11,615,392,463.9,466,Pending
436,2025-09-17,252,755,175.33,169,Delayed
437,2025-02-07,757,471,142.19,106,Delayed
438,2025-07-31,393,500,79.04,316,Delayed
439,2025-05-20,389,527,409.79,473,Delivered
440,2025-01-22,639,56,102.17,349,Pending
441,2025-04-05,664,55,489.52,463,Pending
442,2025-10-05,547,348,244.74,167,Delivered
443,2025-04-09,85,787,456.62,265,Pending
444,2025-02-10,345,729,117.66,226,Delivered
445,2025-07-24,298,339,341.52,293,Delivered
446,2025-04-05,772,736,469.45,481,Delivered
447,2025-06-11,384,225,414.83,565,Delayed
448,2025-11-24,133,396,110.33,553,Delivered
449,2025-10-17,365,402,141.33,307,Delayed
450,2025-11-22,86,902,489.4,394,Delivered
451,2025-09-09,11,352,94.96,111,Delivered
452,2025-03-26,23,480,476.93,248,Delivered
453,2025-11-19,861,367,197.78,433,Delayed
454,2025-10-19,580,930,348.69,318,Delayed
455,2025-10-03,112,576,301.44,530,Delivered
456,2025-01-05,519,544,448.76,228,Delivered
457,2025-12-17,29,166,492.69,438,Delayed
458,2025-05-28,189,103,156.78,464,Delivered
459,2025-10-24,606,438,82.78,386,Delivered
460,2025-07-09,957,943,444.46,372,Delayed
461,2025-03-25,790,27,444.87,192,Pending
462,2025-11-12,696,231,253.35,588,Pending
463,2025-06-12,764,40,344.84,385,Delayed
464,2025-06-21,518,654,224.55,235,Pending
465,2025-01-10,118,473,279.61,183,Delayed
466,2025-08-25,280,636,267.31,416,Delivered
467,2025-12-23,52,609,227.13,128,Delivered
468,2025-10-05,322,3,254.2,432,Pending
469,2025-05-15,368,841,325.5,90,Delayed
470,2025-03-25,826,555,329.62,287,Delayed
471,2025-12-07,488,556,407.21,319,Delayed
472,2025-08-28,593,507,50.47,140,Delayed
473,2025-06-26,472,912,382.92,350,Pending
474,2025-02-13,658,797,388.7,433,Delayed
475,2025-07-25,367,187,96.53,438,Delivered
476,2025-03-23,885,881,239.77,422,Delivered
477,2025-11-22,680,860,259.87,383,Delayed
478,2025-05-07,680,243,142.09,306,Pending
479,2025-04-14,430,865,196.31,75,Delivered
480,2025-08-22,562,19,193.12,522,Delayed
481,2025-02-09,931,930,69.41,263,Pending
482,2025-05-15,271,431,315.46,418,Delivered
483,2025-11-19,331,720,489.08,584,Delayed
484,2025-06-09,103,187,247.87,216,Delivered
485,2025-08-03,690,951,179.05,555,Delayed
486,2025-03-31,121,497,92.95,529,Delivered
487,2025-03-12,400,304,158.69,544,Delayed
488,2025-08-11,526,151,439.45,419,Pending
489,2025-06-03,636,543,454.82,416,Delivered
490,2025-08-20,752,733,320.28,162,Delivered
491,2025-04-05,740,507,66.33,488,Delayed
492,2025-12-02,497,126,495.14,321,Delivered
493,2025-08-18,486,824,230.79,194,Delivered
494,2025-10-13,318,745,83.74,332,Delayed
495,2025-05-09,486,372,178.64,134,Delivered
496,2025-11-10,977,731,295.03,441,Pending
497,2025-11-12,325,914,410.69,392,Pending
498,2025-12-27,276,915,380.06,390,Pending
499,2025-05-06,767,784,80.82,527,Delivered
500,2025-10-08,8,87,92.19,465,Delayed
501,2025-12-23,243,693,423.37,140,Delivered
502,2025-08-23,767,814,479.33,463,Delivered
503,2025-10-09,272,842,493.82,79,Delivered
504,2025-01-22,343,592,120.04,156,Pending
505,2025-07-28,769,253,344.74,156,Pending
506,2025-01-15,400,847,429.21,302,Delayed
507,2025-06-21,861,61,116.62,283,Delivered
508,2025-05-13,515,430,271.99,412,Delivered
509,2025-04-17,887,434,339.24,386,Delivered
510,2025-01-21,837,414,116.64,145,Pending
511,2025-02-08,782,580,167.8,136,Pending
512,2025-04-20,827,592,263.55,151,Delivered
513,2025-08-16,211,304,53.62,361,Pending
514,2025-10-25,990,424,370.55,150,Delayed
515,2025-11-26,144,453,482.97,85,Pending
516,2025-12-02,126,256,52.08,374,Pending
517,2025-08-17,107,435,421.39,243,Pending
518,2025-06-23,817,500,237.48,578,Delayed
519,2025-06-20,548,363,308.12,431,Delayed
520,2025-03-23,802,645,289.4,305,Delivered
521,2025-06-30,243,611,216.33,207,Pending
522,2025-10-13,557,320,335.75,187,Delivered
523,2025-11-21,420,45,426.62,168,Delayed
524,2025-04-26,549,573,341.35,435,Delayed
525,2025-12-10,308,371,181.41,409,Delivered
526,2025-01-23,720,839,404.06,218,Delivered
527,2025-06-12,669,848,227.78,69,Pending
528,2025-11-27,582,977,64.58,278,Delivered
529,2025-04-20,694,767,166.24,160,Pending
530,2025-03-03,153,321,338.19,397,Pending
531,2025-04-21,118,910,127.43,280,Pending
532,2025-10-24,145,42,274.11,356,Delayed
533,2025-07-15,673,255,87.83,525,Pending
534,2025-09-18,206,93,72.08,396,Pending
535,2025-09-28,77,330,101.79,428,Delayed
536,2025-06-02,526,963,478.3,382,Delayed
537,2025-09-11,269,434,192.0,556,Pending
538,2025-05-12,587,94,355.47,496,Pending
539,2025-02-14,147,6,284.9,414,Delayed
540,2025-12-21,333,987,308.18,556,Delivered
541,2025-07-31,232,242,216.18,290,Delivered
542,2025-07-30,201,675,296.96,107,Delivered
543,2025-06-05,168,650,230.77,252,Delivered
544,2025-04-28,507,585,326.19,387,Delayed
545,2025-04-14,609,573,459.39,226,Pending
546,2025-05-25,970,958,260.07,516,Delayed
547,2025-08-13,167,278,445.47,76,Delivered
548,2025-04-23,965,66,189.16,567,Delayed
549,2025-07-26,415,709,209.46,278,Pending
550,2025-09-20,396,938,173.89,557,Pending
551,2025-07-24,281,737,394.34,187,Delivered
552,2025-06-09,222,118,75.58,346,Delayed
553,2025-04-26,376,558,438.99,527,Delayed
554,2025-03-05,456,735,329.21,494,Pending
555,2025-08-09,475,957,450.85,372,Delivered
556,2025-06-01,800,238,221.97,360,Delayed
557,2025-10-14,353,100,352.19,284,Pending
558,2025-06-18,597,509,128.59,411,Delivered
559,2025-10-30,910,838,329.68,549,Delayed
560,2025-06-24,850,706,455.82,348,Pending
561,2025-08-01,685,628,86.51,600,Delivered
562,2025-05-03,174,555,313.02,377,Delayed
563,2025-04-17,777,889,277.69,127,Pending
564,2025-12-01,863,744,433.74,419,Delayed
565,2025-02-06,393,172,100.67,306,Pending
566,2025-02-18,994,273,325.07,523,Delivered
567,2025-04-08,926,396,166.08,518,Delivered
568,2025-07-31,14,831,229.9,152,Delayed
569,2025-09-11,453,396,158.03,433,Delivered
570,2025-01-26,665,404,214.53,278,Delivered
571,2025-09-28,656,760,488.56,223,Delayed
572,2025-06-05,602,83,160.53,119,Pending
573,2025-04-30,933,241,155.12,590,Pending
574,2025-07-25,490,229,397.44,460,Delivered
575,2025-08-22,194,359,219.73,466,Pending
576,2025-09-23,71,379,405.78,84,Delayed
577,2025-03-09,748,53,125.26,83,Delayed
578,2025-08-06,889,841,496.78,400,Delivered
579,2025-11-20,735,868,229.76,363,Pending
580,2025-11-14,174,619,133.29,164,Delivered
581,2025-06-27,668,225,229.68,383,Delayed
582,2025-02-08,271,630,111.21,353,Delayed
583,2025-05-07,717,262,496.7,276,Pending
584,2025-03-31,738,328,217.72,307,Delayed
585,2025-08-30,688,519,82.17,167,Delayed
586,2025-05-31,840,41,83.0,599,Delivered
587,2025-05-11,920,676,142.29,406,Pending
588,2025-05-04,208,931,222.97,433,Delayed
589,2025-04-06,301,225,218.8,166,Delayed
590,2025-11-05,150,470,97.77,580,Delayed
591,2025-08-12,281,353,193.13,471,Delivered
592,2025-04-28,735,383,332.45,186,Pending
593,2025-08-31,962,658,280.95,181,Delivered
594,2025-10-05,973,788,489.21,204,Delayed
595,2025-04-25,728,139,127.88,489,Delayed
596,2025-04-22,459,620,381.62,522,Delivered
597,2025-01-28,11,633,396.58,328,Pending
598,2025-06-23,73,934,50.01,462,Delayed
599,2025-09-28,667,365,432.83,348,Pending
600,2025-05-16,85,372,335.78,285,Delivered
601,2025-06-10,222,309,246.27,203,Delayed
602,2025-12-23,742,451,143.75,141,Pending
603,2025-02-18,55,329,132.55,584,Delivered
604,2025-06-25,282,613,206.69,362,Delayed
605,2025-12-31,219,604,327.75,196,Pending
606,2025-11-06,736,535,352.83,217,Pending
607,2025-09-02,558,215,62.29,251,Delayed
608,2025-11-22,802,129,267.21,228,Delivered
609,2025-11-29,698,863,395.34,189,Delivered
610,2025-08-16,570,712,123.33,311,Delayed
611,2025-12-01,901,906,341.67,439,Delivered
612,2025-06-12,782,731,111.77,537,Delivered
613,2025-11-05,364,718,394.48,423,Delivered
614,2025-09-27,477,227,83.42,62,Pending
615,2025-08-08,20,584,372.44,117,Delayed
616,2025-07-28,939,675,405.24,96,Delivered
617,2025-11-16,442,908,289.59,125,Delayed
618,2025-11-18,734,765,63.2,542,Delayed
619,2025-12-18,106,989,345.78,373,Pending
620,2025-06-06,654,964,60.7,246,Pending
621,2025-10-30,601,878,377.74,230,Pending
622,2025-06-09,815,563,153.85,463,Delivered
623,2025-04-10,291,898,176.15,290,Delayed
624,2025-10-28,511,965,76.94,185,Delivered
625,2025-09-29,642,268,77.88,324,Delivered
626,2025-03-06,863,133,122.79,317,Delivered
627,2025-10-13,172,850,292.52,216,Pending
628,2025-05-26,838,898,386.7,141,Delivered
629,2025-03-18,974,734,212.77,541,Delivered
630,2025-02-01,420,468,415.12,153,Delivered
631,2025-10-05,191,8,102.35,158,Pending
632,2025-07-19,272,837,99.41,156,Pending
633,2025-03-21,164,388,144.07,392,Delayed
634,2025-06-15,694,640,52.92,377,Pending
635,2025-07-22,748,875,82.67,228,Delayed
636,2025-04-07,977,861,124.8,109,Pending
637,2025-07-30,107,981,52.16,246,Pending
638,2025-07-15,159,440,146.57,321,Delayed
639,2025-05-04,769,496,299.36,374,Delivered
640,2025-07-23,941,354,400.73,378,Delivered
641,2025-07-07,717,318,440.47,487,Delivered
642,2025-02-25,500,203,181.82,471,Pending
643,2025-05-14,697,529,228.83,436,Pending
644,2025-01-05,387,149,387.94,436,Delayed
645,2025-08-23,48,818,54.04,585,Delivered
646,2025-05-22,877,79,439.73,297,Delivered
647,2025-12-13,741,456,305.14,154,Pending
648,2025-02-25,95,1000,124.98,63,Pending
649,2025-09-01,823,460,274.82,488,Delayed
650,2025-01-16,198,741,473.9,289,Delivered
651,2025-12-08,172,147,253.79,198,Delayed
652,2025-12-29,14,83,489.3,159,Delayed
653,2025-01-15,90,74,363.58,273,Pending
654,2025-12-12,519,624,385.81,130,Delivered
655,2025-08-31,860,647,360.07,204,Delivered
656,2025-01-06,25,311,127.15,550,Delayed
657,2025-08-29,463,390,118.73,449,Delayed
658,2025-05-23,820,756,59.3,276,Pending
659,2025-12-09,498,818,125.27,457,Delivered
660,2025-08-04,923,719,110.56,282,Pending
661,2025-01-11,897,582,335.15,503,Delayed
662,2025-08-14,934,213,241.94,380,Delivered
663,2025-02-19,114,987,345.43,166,Delayed
664,2025-01-27,74,355,452.84,125,Delayed
665,2025-04-27,546,420,404.41,275,Delivered
666,2025-02-07,201,377,415.45,328,Delivered
667,2025-11-22,869,959,103.56,75,Delivered
668,2025-08-15,976,170,216.66,149,Delayed
669,2025-09-30,250,656,203.5,357,Pending
670,2025-09-07,158,585,105.39,452,Pending
671,2025-07-16,549,430,285.64,297,Delayed
672,2025-11-28,103,36,84.86,225,Delayed
673,2025-11-06,839,97,357.33,427,Pending
674,2025-03-21,771,417,383.02,177,Pending
675,2025-02-09,365,776,400.94,463,Pending
676,2025-09-13,289,157,132.66,94,Delayed
677,2025-04-29,200,875,72.8,300,Delivered
678,2025-05-02,345,583,171.7,220,Delayed
679,2025-12-09,580,42,446.52,412,Delayed
680,2025-01-21,121,246,376.26,334,Delivered
681,2025-01-02,509,442,82.98,192,Delivered
682,2025-09-17,302,114,211.36,275,Delivered
683,2025-08-23,73,296,300.26,233,Pending
684,2025-11-07,966,160,52.78,147,Pending
685,2025-07-30,565,363,128.84,343,Delivered
686,2025-05-26,698,399,142.43,570,Delivered
687,2025-01-22,697,760,427.12,233,Pending
688,2025-10-02,202,682,246.03,72,Delayed
689,2025-04-15,682,872,331.57,230,Delayed
690,2025-04-12,782,415,57.49,130,Pending
691,2025-09-21,693,35,392.9,361,Pending
692,2025-03-26,688,228,229.44,348,Delayed
693,2025-11-27,205,782,409.43,255,Delivered
694,2025-04-15,358,905,364.65,254,Delivered
695,2025-05-21,472,203,381.03,100,Delivered
696,2025-05-24,350,657,493.41,99,Delayed
697,2025-02-17,330,189,497.26,83,Pending
698,2025-03-29,142,232,300.46,229,Delivered
699,2025-04-26,974,26,201.83,230,Delayed
700,2025-04-11,38,417,386.01,263,Delivered
701,2025-09-22,625,193,232.24,293,Delivered
702,2025-09-11,426,666,340.52,525,Pending
703,2025-08-12,804,34,283.15,332,Delivered
704,2025-01-27,996,106,146.15,483,Delivered
705,2025-08-29,567,898,183.94,591,Delivered
706,2025-10-03,154,40,167.09,309,Pending
707,2025-09-19,118,276,92.2,119,Delivered
708,2025-07-01,911,170,94.62,378,Delayed
709,2025-04-05,460,982,150.5,204,Pending
710,2025-07-11,572,959,424.41,484,Delivered
711,2025-09-19,677,258,125.2,268,Delivered
712,2025-07-08,716,117,195.99,282,Pending
713,2025-10-29,167,498,322.55,294,Delivered
714,2025-09-07,345,828,359.29,281,Delayed
715,2025-02-28,657,960,304.91,385,Delayed
716,2025-11-11,347,65,77.89,451,Delivered
717,2025-08-14,939,141,384.49,60,Pending
718,2025-09-05,226,498,222.7,491,Delivered
719,2025-05-26,66,259,481.35,82,Delayed
720,2025-09-25,746,479,426.01,430,Pending
721,2025-05-30,49,903,253.84,231,Delayed
722,2025-10-27,788,202,278.54,375,Delivered
723,2025-02-09,358,473,97.93,403,Delivered
724,2025-05-10,253,754,469.56,365,Pending
725,2025-04-06,892,816,391.48,540,Pending
726,2025-09-06,250,25,151.62,178,Delivered
727,2025-10-29,155,422,412.35,178,Delivered
728,2025-10-17,12,280,297.51,218,Delivered
729,2025-01-26,526,8,63.01,178,Delayed
730,2025-09-25,202,77,484.12,452,Pending
731,2025-08-23,979,323,291.59,282,Delayed
732,2025-05-01,79,519,388.02,286,Delayed
733,2025-02-06,102,808,59.07,202,Delayed
734,2025-03-14,876,927,101.24,528,Delivered
735,2025-05-24,446,492,134.29,550,Delivered
736,2025-05-07,763,928,435.09,534,Delayed
737,2025-04-15,277,888,392.14,582,Delayed
738,2025-03-10,549,824,486.17,452,Pending
739,2025-03-18,664,478,229.42,210,Delayed
740,2025-07-13,368,357,433.79,190,Pending
741,2025-02-10,592,621,197.41,542,Delivered
742,2025-05-07,712,405,495.99,282,Delivered
743,2025-12-13,466,610,202.79,446,Delayed
744,2025-05-31,646,219,257.4,445,Delivered
745,2025-04-20,309,555,112.38,572,Delivered
746,2025-11-14,487,700,489.65,177,Delayed
747,2025-06-04,668,199,88.56,295,Pending
748,2025-07-22,323,828,412.89,551,Pending
749,2025-02-14,854,934,262.42,77,Delayed
750,2025-09-10,367,827,60.46,528,Pending
751,2025-08-21,758,641,253.81,454,Delivered
752,2025-01-17,110,334,446.12,272,Pending
753,2025-06-05,521,766,419.18,441,Pending
754,2025-05-23,161,713,154.78,594,Delivered
755,2025-08-31,459,555,54.61,467,Delivered
756,2025-12-04,155,28,380.09,538,Delivered
757,2025-07-16,161,561,475.19,402,Delayed
758,2025-02-20,739,316,294.12,181,Delayed
759,2025-02-02,824,3,474.16,526,Pending
760,2025-04-02,777,522,141.33,220,Pending
761,2025-09-20,853,596,276.7,204,Delayed
762,2025-06-06,273,116,311.71,288,Delayed
763,2025-10-24,281,96,287.15,100,Delayed
764,2025-05-31,734,253,298.21,313,Delivered
765,2025-01-15,465,122,215.9,566,Pending
766,2025-02-09,184,262,119.58,544,Pending
767,2025-07-29,136,929,408.04,294,Delayed
768,2025-10-21,802,843,76.26,69,Delayed
769,2025-04-02,849,834,333.52,163,Pending
770,2025-07-16,7,627,238.7,175,Pending
771,2025-10-22,968,230,389.54,430,Delivered
772,2025-12-29,565,252,325.15,178,Delayed
773,2025-10-01,31,309,109.6,447,Delayed
774,2025-02-21,717,922,92.86,113,Pending
775,2025-07-01,816,291,474.88,478,Delayed
776,2025-10-23,909,536,323.25,405,Delivered
777,2025-06-17,503,560,244.04,296,Delivered
778,2025-03-29,612,272,204.53,564,Delayed
779,2025-05-13,333,501,298.87,223,Delivered
780,2025-07-31,568,700,360.78,302,Pending
781,2025-06-21,248,999,298.19,174,Delayed
782,2025-01-16,159,196,391.0,158,Delayed
783,2025-09-14,542,714,192.17,224,Pending
784,2025-08-05,419,452,80.66,290,Pending
785,2025-11-15,994,398,252.73,87,Delivered
786,2025-06-04,718,97,301.69,180,Delivered
787,2025-05-23,202,450,143.75,551,Delivered
788,2025-03-10,928,841,193.95,186,Delayed
789,2025-07-20,553,278,91.19,254,Delivered
790,2025-04-02,522,277,481.12,169,Delayed
791,2025-09-20,804,580,437.03,279,Pending
792,2025-02-15,843,268,368.92,462,Delayed
793,2025-10-28,242,278,464.91,372,Delayed
794,2025-11-29,762,767,121.67,240,Delayed
795,2025-01-26,691,991,234.47,60,Pending
796,2025-03-26,862,805,357.17,135,Delivered
797,2025-08-05,291,78,239.17,256,Delivered
798,2025-01-04,444,30,357.93,82,Delayed
799,2025-03-14,345,266,74.4,274,Pending
800,2025-02-24,98,27,92.14,517,Pending
801,2025-01-12,192,442,233.02,298,Delayed
802,2025-06-12,565,43,219.89,259,Delayed
803,2025-04-05,723,530,439.1,248,Pending
804,2025-04-08,43,679,472.06,512,Pending
805,2025-04-16,525,10,129.76,357,Delayed
806,2025-08-14,338,912,303.74,420,Delivered
807,2025-12-20,906,716,402.59,218,Delayed
808,2025-05-25,722,307,377.89,406,Delayed
809,2025-08-30,915,825,120.63,73,Pending
810,2025-04-13,378,450,214.79,429,Pending
811,2025-02-19,834,340,213.44,409,Pending
812,2025-01-16,632,451,453.31,536,Delayed
813,2025-06-11,636,652,176.02,339,Delayed
814,2025-08-11,495,608,262.24,439,Delivered
815,2025-03-25,847,219,307.46,163,Delayed
816,2025-05-22,364,423,414.44,100,Pending
817,2025-07-05,287,462,355.96,476,Delayed
818,2025-08-27,830,191,354.02,169,Delayed
819,2025-05-17,629,721,224.25,507,Delayed
820,2025-02-25,370,831,423.2,311,Delivered
821,2025-01-22,351,983,303.18,147,Pending
822,2025-08-19,639,645,146.16,588,Pending
823,2025-12-17,781,846,164.1,240,Delayed
824,2025-12-22,241,240,447.14,266,Delivered
825,2025-04-19,486,4,86.83,208,Delivered
826,2025-02-26,341,451,433.13,435,Delivered
827,2025-08-13,874,860,375.1,541,Pending
828,2025-04-02,729,147,401.51,206,Delivered
829,2025-07-30,30,807,414.09,331,Delivered
830,2025-08-20,476,966,275.83,333,Delivered
831,2025-01-07,263,914,68.51,489,Delivered
832,2025-08-09,786,530,186.61,542,Delivered
833,2025-08-31,221,350,80.01,584,Delivered
834,2025-03-29,510,746,156.69,119,Delayed
835,2025-10-01,845,550,446.28,347,Delivered
836,2025-11-01,567,118,233.26,370,Delayed
837,2025-04-22,936,968,431.73,154,Delayed
838,2025-02-19,539,861,297.49,208,Delayed
839,2025-02-25,905,490,459.42,241,Delayed
840,2025-05-05,199,851,299.01,494,Pending
841,2025-02-10,607,97,264.75,507,Pending
842,2025-10-11,148,528,333.0,458,Delivered
843,2025-12-09,411,232,160.72,527,Delivered
844,2025-06-03,849,802,283.08,329,Pending
845,2025-06-18,290,584,320.95,107,Pending
846,2025-11-06,821,180,401.95,390,Pending
847,2025-09-14,732,421,222.26,209,Delivered
848,2025-07-24,133,409,458.17,300,Pending
849,2025-11-05,319,190,318.35,297,Delayed
850,2025-02-16,51,592,334.8,416,Delivered
851,2025-09-29,329,691,136.84,239,Pending
852,2025-06-01,233,797,313.22,92,Delivered
853,2025-02-21,519,553,497.11,500,Pending
854,2025-08-08,552,509,422.21,541,Delayed
855,2025-07-06,160,794,459.04,144,Delayed
856,2025-09-03,128,929,266.68,248,Delayed
857,2025-10-27,923,482,381.42,77,Pending
858,2025-02-27,530,524,458.12,227,Pending
859,2025-06-14,928,533,409.23,470,Delayed
860,2025-08-31,105,196,425.43,268,Delivered
861,2025-08-28,41,371,124.3,461,Pending
862,2025-07-09,803,108,494.1,267,Delivered
863,2025-08-10,391,602,219.02,585,Delivered
864,2025-10-03,844,264,462.25,484,Delivered
865,2025-06-22,330,266,403.81,435,Pending
866,2025-05-16,847,709,242.44,448,Pending
867,2025-01-19,891,951,210.68,558,Delivered
868,2025-03-18,430,328,447.41,88,Pending
869,2025-02-15,627,791,358.38,166,Pending
870,2025-01-20,601,244,131.21,327,Delivered
871,2025-02-13,511,790,288.87,398,Pending
872,2025-11-10,16,545,457.98,425,Delivered
873,2025-07-13,715,231,420.23,271,Delayed
874,2025-08-03,829,170,111.87,484,Pending
875,2025-10-19,37,26,217.17,154,Delayed
876,2025-12-10,32,821,369.51,473,Pending
877,2025-04-07,261,531,347.05,165,Delayed
878,2025-04-08,720,819,133.8,275,Delayed
879,2025-07-23,354,562,345.75,184,Delayed
880,2025-08-12,294,65,323.14,202,Delayed
881,2025-01-31,710,329,178.02,353,Delivered
882,2025-05-10,149,106,462.85,121,Pending
883,2025-03-10,492,793,287.72,218,Delayed
884,2025-07-17,229,937,494.51,314,Delayed
885,2025-10-08,72,796,441.06,480,Delivered
886,2025-10-01,163,907,176.85,152,Pending
887,2025-01-10,629,822,328.86,162,Delivered
888,2025-11-25,72,281,484.17,323,Delayed
889,2025-02-27,646,711,288.99,394,Pending
890,2025-05-31,885,643,422.73,159,Delayed
891,2025-04-27,46,873,311.44,585,Pending
892,2025-08-23,603,576,367.87,457,Delivered
893,2025-05-21,885,440,93.66,131,Delivered
894,2025-10-05,900,514,347.12,318,Pending
895,2025-06-13,530,297,373.4,269,Delayed
896,2025-04-11,268,753,241.1,128,Pending
897,2025-02-10,946,400,287.94,174,Pending
898,2025-03-24,408,945,141.7,478,Delayed
899,2025-08-25,111,363,267.97,123,Pending
900,2025-03-26,155,983,228.46,315,Pending
901,2025-08-13,503,871,391.17,537,Delayed
902,2025-12-09,779,179,463.24,436,Delivered
903,2025-09-16,654,669,227.04,511,Delivered
904,2025-01-21,362,215,331.46,566,Delivered
905,2025-02-26,368,794,70.3,481,Delivered
906,2025-04-24,462,877,327.85,383,Delayed
907,2025-09-30,691,17,103.54,205,Delayed
908,2025-04-01,380,839,80.75,78,Delayed
909,2025-09-06,589,898,58.1,403,Pending
910,2025-05-16,304,947,280.07,397,Delayed
911,2025-07-29,293,237,271.1,184,Delivered
912,2025-06-14,889,833,282.86,251,Pending
913,2025-05-13,252,235,368.72,252,Delayed
914,2025-09-09,374,451,330.59,504,Pending
915,2025-02-04,444,958,109.83,203,Delivered
916,2025-08-28,38,376,413.35,357,Delayed
917,2025-01-04,632,815,299.23,165,Pending
918,2025-06-09,671,920,261.84,271,Delivered
919,2025-08-17,325,720,189.39,596,Delivered
920,2025-01-19,865,342,195.33,304,Delayed
921,2025-07-31,423,357,488.93,231,Delivered
922,2025-06-26,91,568,330.04,147,Pending
923,2025-07-20,102,320,444.6,506,Delayed
924,2025-09-06,22,53,287.03,481,Delivered
925,2025-02-25,106,310,86.0,536,Pending
926,2025-03-29,455,262,234.47,307,Delayed
927,2025-08-25,437,620,182.72,471,Delivered
928,2025-10-26,239,455,153.88,243,Pending
929,2025-02-01,145,613,72.26,393,Pending
930,2025-08-31,151,147,91.49,533,Delayed
931,2025-10-26,87,276,122.37,79,Delayed
932,2025-08-05,170,274,338.69,518,Pending
933,2025-05-12,754,910,117.07,120,Delayed
934,2025-01-20,510,980,375.23,140,Delivered
935,2025-09-22,470,277,434.93,374,Delivered
936,2025-10-20,884,384,82.33,267,Delayed
937,2025-12-20,647,492,404.5,416,Delivered
938,2025-04-18,688,163,207.79,585,Pending
939,2025-05-15,258,554,195.59,336,Delayed
940,2025-08-09,130,243,234.81,481,Pending
941,2025-05-19,422,714,231.25,262,Delayed
942,2025-11-09,995,916,137.64,187,Pending
943,2025-05-02,612,2,155.81,271,Delayed
944,2025-06-14,534,386,238.85,351,Pending
945,2025-12-10,931,876,438.87,437,Delivered
946,2025-05-29,631,885,265.15,358,Delayed
947,2025-07-10,39,716,213.76,312,Delayed
948,2025-08-25,603,761,234.89,566,Delivered
949,2025-12-07,204,493,116.44,522,Delivered
950,2025-10-30,663,773,371.56,411,Delivered
951,2025-10-06,933,462,292.67,255,Delivered
952,2025-05-15,812,516,224.67,212,Pending
953,2025-01-15,731,957,95.52,185,Delivered
954,2025-11-03,57,959,198.74,599,Delivered
955,2025-02-19,710,36,339.48,581,Delivered
956,2025-07-13,241,118,66.0,172,Pending
957,2025-07-21,596,795,298.85,358,Delivered
958,2025-04-16,797,217,427.89,151,Delayed
959,2025-04-11,345,350,264.69,128,Pending
960,2025-11-29,923,680,120.57,102,Pending
961,2025-10-11,948,713,195.42,170,Delayed
962,2025-07-16,276,575,453.83,583,Pending
963,2025-03-24,849,912,279.77,82,Pending
964,2025-05-16,837,562,475.26,125,Delayed
965,2025-11-05,885,528,259.93,390,Delayed
966,2025-06-22,146,730,139.56,202,Pending
967,2025-07-29,820,579,205.06,437,Delivered
968,2025-06-30,798,801,87.08,76,Delivered
969,2025-09-29,708,531,284.49,469,Delivered
970,2025-07-03,887,449,208.26,513,Delivered
971,2025-09-07,46,56,200.44,232,Pending
972,2025-08-22,489,951,319.27,496,Delivered
973,2025-02-24,168,131,298.97,474,Delayed
974,2025-12-26,3,13,182.33,220,Delivered
975,2025-11-26,305,803,469.99,226,Pending
976,2025-01-16,911,555,386.15,176,Pending
977,2025-02-18,355,745,377.75,222,Delivered
978,2025-01-21,991,285,426.27,101,Delivered
979,2025-08-27,294,318,121.86,219,Pending
980,2025-11-23,125,450,290.38,118,Pending
981,2025-10-10,231,277,131.08,490,Delayed
982,2025-08-10,94,86,453.09,549,Delivered
983,2025-10-31,685,290,344.55,194,Delayed
984,2025-10-26,81,964,434.23,123,Delivered
985,2025-10-24,83,36,200.17,257,Pending
986,2025-03-15,73,252,321.63,193,Delivered
987,2025-03-02,444,709,321.07,389,Delayed
988,2025-01-02,558,948,255.13,363,Delivered
989,2025-02-25,442,513,200.4,339,Pending
990,2025-05-24,585,176,475.45,476,Delayed
991,2025-04-04,154,685,91.64,595,Delivered
992,2025-10-25,715,218,454.99,390,Delayed
993,2025-10-01,611,981,444.0,540,Delivered
994,2025-09-29,945,311,321.86,250,Pending
995,2025-04-11,426,854,460.45,225,Delayed
996,2025-08-20,498,129,194.13,393,Delayed
997,2025-09-23,809,168,268.63,456,Delivered
998,2025-03-19,339,290,282.57,412,Pending
999,2025-06-22,831,209,152.05,295,Pending
